日志编号,监测域名,监测IP,创建人,最后监测日期,监测结果,截图
368,www.baidu5.com,180.191.153.93_菲律宾_马尼拉___Globe__0063,1,2021-10-06 17:08:13,CURL失败,
367,www.baidu4.com,180.191.153.93_菲律宾_马尼拉___Globe__0063,1,2021-10-06 17:08:08,CURL失败,
366,www.baidu3.com,180.191.153.93_菲律宾_马尼拉___Globe__0063,1,2021-10-06 17:08:03,CURL失败,
365,www.baidu2.com,180.191.153.93_菲律宾_马尼拉___Globe__0063,1,2021-10-06 17:07:57,CURL失败,
364,www.baidu1.com,180.191.153.93_菲律宾_马尼拉___Globe__0063,1,2021-10-06 17:07:52,CURL失败,
363,www.baidu.com,180.191.153.93_菲律宾_马尼拉___Globe__0063,1,2021-10-06 17:07:47,成功,
362,www.baidu.com,180.191.153.93_菲律宾_马尼拉___Globe__0063,1,2021-10-06 17:01:17,成功,
361,www.baidu.com,180.191.153.93_菲律宾_马尼拉___Globe__0063,1,2021-10-06 17:01:14,成功,
360,www.baidu.com,180.191.153.93_菲律宾_马尼拉___Globe__0063,1,2021-10-06 17:01:11,成功,
359,www.baidu.com,180.191.153.93_菲律宾_马尼拉___Globe__0063,1,2021-10-06 17:01:08,成功,
358,baidu.com,180.191.153.93_菲律宾_马尼拉___Globe__0063,1,2021-10-06 16:47:35,CURL失败,
357,jegdm.com,180.191.153.93_菲律宾_马尼拉___Globe__0063,1,2021-10-06 16:47:33,CURL失败,
356,baidu.com,180.191.153.93_菲律宾_马尼拉___Globe__0063,1,2021-10-06 16:47:31,CURL失败,
355,jegdm.com,180.191.153.93_菲律宾_马尼拉___Globe__0063,1,2021-10-06 16:47:29,CURL失败,
354,baidu.com,180.191.153.93_菲律宾_马尼拉___Globe__0063,1,2021-10-06 16:47:27,CURL失败,
353,jegdm.com,180.191.153.93_菲律宾_马尼拉___Globe__0063,1,2021-10-06 16:47:25,CURL失败,
352,baidu.com,180.191.153.93_菲律宾_马尼拉___Globe__0063,1,2021-10-06 16:47:23,CURL失败,
351,jegdm.com,180.191.153.93_菲律宾_马尼拉___Globe__0063,1,2021-10-06 16:47:21,CURL失败,
350,baidu.com,180.191.153.93_菲律宾_马尼拉___Globe__0063,1,2021-10-06 16:47:19,CURL失败,
349,jegdm.com,180.191.153.93_菲律宾_马尼拉___Globe__0063,1,2021-10-06 16:47:16,CURL失败,
348,baidu.com,180.191.153.93_菲律宾_马尼拉___Globe__0063,1,2021-10-06 16:47:15,CURL失败,
347,jegdm.com,180.191.153.93_菲律宾_马尼拉___Globe__0063,1,2021-10-06 16:47:12,CURL失败,
346,baidu.com,180.191.153.93_菲律宾_马尼拉___Globe__0063,1,2021-10-06 16:47:11,CURL失败,
345,jegdm.com,180.191.153.93_菲律宾_马尼拉___Globe__0063,1,2021-10-06 16:47:08,CURL失败,
344,baidu.com,180.191.153.93_菲律宾_马尼拉___Globe__0063,1,2021-10-06 16:47:07,CURL失败,
343,jegdm.com,180.191.153.93_菲律宾_马尼拉___Globe__0063,1,2021-10-06 16:47:04,CURL失败,
342,baidu.com,180.191.153.93_菲律宾_马尼拉___Globe__0063,1,2021-10-06 16:47:02,CURL失败,
341,jegdm.com,180.191.153.93_菲律宾_马尼拉___Globe__0063,1,2021-10-06 16:47:00,CURL失败,
340,baidu.com,180.191.153.93_菲律宾_马尼拉___Globe__0063,1,2021-10-06 16:46:58,CURL失败,
339,jegdm.com,180.191.153.93_菲律宾_马尼拉___Globe__0063,1,2021-10-06 16:46:56,CURL失败,
338,baidu.com,180.191.153.93_菲律宾_马尼拉___Globe__0063,1,2021-10-06 16:46:54,CURL失败,
337,jegdm.com,180.191.153.93_菲律宾_马尼拉___Globe__0063,1,2021-10-06 16:46:52,CURL失败,
336,baidu.com,180.191.153.93_菲律宾_马尼拉___Globe__0063,1,2021-10-06 16:46:50,CURL失败,
335,jegdm.com,180.191.153.93_菲律宾_马尼拉___Globe__0063,1,2021-10-06 16:46:47,CURL失败,
334,baidu.com,180.191.153.93_菲律宾_马尼拉___Globe__0063,1,2021-10-06 16:46:46,CURL失败,
333,jegdm.com,180.191.153.93_菲律宾_马尼拉___Globe__0063,1,2021-10-06 16:46:43,CURL失败,
332,baidu.com,180.191.153.93_菲律宾_马尼拉___Globe__0063,1,2021-10-06 16:46:42,CURL失败,
